id,code
410,2B
1654,2G
8359,2I
470,2J
1338,2K
2750,2L
3652,2N
146,2O
897,2P
1729,2Z
10739,3E
16262,3F
595,3G
5521,3J
3021,3K
2916,3L
20710,3M
9818,3O
5002,3P
3545,3R
11741,3S
4608,3U
20565,4B
442,4D
2524,4G
8463,4H
29,4K
3201,4M
341,4N
17885,4O
10758,4Q
1401,4T
2548,4U
1173,4Y
1581,5C
4496,5G
8576,5H
1683,5J
4436,5M
503,5N
10650,5P
18232,5Q
1623,5T
18946,5Z
2850,6E
2954,6H
17095,6I
1340,6R
5813,6T
4805,6W
11814,6Y
2994,7C
563,7E
2354,7F
4388,7G
16726,7H
18944,7I
9531,7J
16615,7M
1500,7P
1469,7R
17408,8B
1109,8D
1472,8E
3534,8I
2942,8L
3432,8M
3856,8P
3788,8Q
5188,8R
68,8T
32,8U
55,8V
15999,9C
3976,9E
1629,9K
19810,9N
3835,9Q
4691,9R
1073,9U
20004,9V
3000,9W
19804,A2
96,A3
4550,A4
1203,A5
1392,A8
2538,A9
24,AA
214,AB
43,ABJ
330,AC
13983,AD
3392,AE
137,AF
794,AH
218,AI
576,AK
321,AM
240,AP
412,AR
439,AS
4248,AT
515,AV
16960,AW
2350,AY
596,AZ
1478,B2
2395,B5
3029,B6
9082,B7
543,B9
1355,BA
4335,BB
4740,BC
2421,BE
1230,BF
1359,BG
2692,BH
4255,BI
3740,BJ
4026,BK
3850,BL
312,BM
683,BP
2091,BR
333,BT
16508,BU
1463,BV
1663,BW
5982,BX
1750,C8
751,CA
221,CC
3613,CE
1308,CG
1756,CI
1889,CM
9829,CN
1936,CU
1680,CX
1942,CY
1767,CZ
20270,D2
1966,D3
2881,D6
2417,D7
2585,DC
3674,DD
1868,DE
4475,DG
10128,DH
2009,DL
17094,DN
5133,DT
4840,DV
1954,DX
3737,DY
11963,DZ
20047,E2
16963,E5
2217,E7
20160,E8
11806,E9
2324,EF
2989,EG
837,EI
2183,EK
336,EL
807,EN
2293,EO
2923,EP
4863,EQ
2220,ET
2193,EU
2260,EW
2222,EY
2409,F2
21012,F5
2420,F7
2468,F9
1548,FB
4947,FD
4044,FE
125,FG
2835,FI
879,FJ
1316,FL
4609,FM
476,FO
4296,FR
4513,FS
641,FV
2826,FW
2353,FY
14485,FZ
1790,G3
35,G4
15837,G5
2575,G8
329,G9
2520,GA
5038,GE
2638,GF
14118,GK
921,GL
1492,GQ
508,GR
690,GS
386,GV
9620,GY
4234,GZ
4737,H2
2094,H7
2688,HA
2765,HD
2682,HF
3661,HG
16625,HI
9784,HK
319,HM
16707,HN
3081,HO
2684,HQ
1769,HR
2660,HU
5039,HV
2748,HW
2773,HX
5281,HY
4808,HZ
19944,I4
10955,I6
18828,I8
116,I9
2822,IB
2896,ID
4797,IE
3463,IG
10121,IL
2951,IOS
2922,IR
569,IX
5496,IY
231,IZ
197,J2
3734,J3
10737,J4
10912,J5
1508,J8
2993,J9
132,JA
2731,JB
6557,JD
3393,JE
13200,JH
4867,JJ
2987,JL
2264,JN
83,JP
3052,JQ
998,JS
3290,JT
19582,JU
1434,JV
397,JW
14849,JY
2245,K2
20963,K3
10765,K5
13899,K6
11808,K8
2056,KA
2058,KB
1006,KC
3163,KE
995,KK
3090,KL
242,KM
10741,KN
109,KO
3126,KQ
1844,KR
3935,KS
3179,KU
1682,KX
13704,KY
16942,L6
3200,LA
5354,LC
2419,LF
3329,LG
3320,LH
3251,LI
9810,LJ
3287,LM
3258,LN
3210,LO
3197,LR
3026,LS
19610,LT
1008,LV
3865,LW
4559,LX
2150,LY
42,M3
15893,M4
3123,M5
246,M6
3547,M9
1066,MD
3490,ME
5484,MF
3378,MH
4750,MI
3342,MJ
1057,MK
17675,MM
1829,MN
502,MO
13335,MR
2143,MS
1758,MU
3437,MW
3498,MY
3783,N3
524,NF
324,NH
3574,NHG
4687,NK
4311,NL
17083,NP
16136,NS
1539,NT
2990,NU
316,NX
896,NY
345,NZ
3764,O6
3776,OA
462,OB
11794,OC
18732,OD
3826,OJ
1946,OK
3354,OM
3618,ON
1299,OR
491,OS
1925,OU
2218,OV
3811,OX
3781,OY
28,OZ
4066,P0
18169,P4
11763,P9
3926,PC
4021,PD
106,PE
1422,PG
3969,PI
477,PJ
3871,PK
179,PL
5016,PM
12978,PN
14061,PQ
3952,PR
5282,PS
3834,PV
4031,PW
328,PX
4752,PY
5156,PZ
13108,Q2
18700,Q3
10,Q5
753,Q6
20686,Q7
3857,Q8
11838,Q9
2541,QB
16415,QC
4089,QF
19305,QG
882,QH
1206,QL
426,QN
4091,QR
5097,QS
2104,QU
3233,QV
2857,QZ
3805,R2
1287,R3
622,R7
3637,RA
881,RC
5368,RG
3391,RI
4259,RJ
11857,RL
5179,RO
3097,RQ
19676,RX
2226,RZ
241,S2
4735,S3
4304,S4
4822,S5
10776,S6
4329,S7
17099,S9
4305,SA
139,SB
4599,SC
4521,SD
5479,SE
4375,SG
10675,SH
4438,SI
4454,SJ
4319,SK
1531,SN
4429,SP
4435,SQ
1908,SS
2547,ST
130,SU
4533,SV
153,SW
18543,SX
4356,SY
10122,SZ
2117,T3
5083,T5
4965,T7
2622,TA
4897,TCX
1048,TD
2418,TE
3386,TF
4940,TG
18529,TJ
4951,TK
338,TL
9541,TM
225,TN
8745,TO
5013,TOM
4869,TP
4936,TR
1317,TS
4937,TT
4870,TU
5333,TV
16624,TW
567,TX
2825,TY
17891,TZ
2297,U2
5234,U6
3721,U7
5209,UA
2757,UD
3589,UE
5085,UG
11811,UJ
4349,UL
608,UM
5067,UN
2774,UO
1403,UP
15814,UR
5265,US
1191,UU
90,UX
1611,UY
1886,V0
1669,V3
4165,V4
20577,V7
10800,V9
5360,VA
10646,VB
5297,VF
9666,VH
5651,VJ
5309,VN
11948,VQ
5041,VR
5347,VS
692,VT
1290,VW
5331,VX
2439,VY
18553,W2
20976,W3
16660,W4
3370,W5
5461,W6
970,W9
4292,WB
5439,WF
5399,WJ
16149,WM
4547,WN
8809,WP
5416,WS
13757,WU
1441,WW
1792,WX
3778,WY
2681,X3
1775,X7
1909,XK
1034,XL
4573,XQ
16844,XV
3754,XY
5325,Y4
17023,Y5
13088,Y7
16725,Y8
3148,Y9
9828,YC
16475,YI
1943,YK
3539,YM
16150,YO
16882,YQ
17519,YR
16133,YT
9764,Z2
1266,Z3
5523,Z4
16120,Z6
603,Z8
18825,Z9
220,ZB
9809,ZE
4611,ZH
21,ZI
2607,ZK
4178,ZL
19016,ZM
